Node1,Node2
YWHAQ,DDR1 /// MIR4640
RAF1,RFC2
RAF1,HSPA6
NRAS,PAX8
NRAS,GUCA1A
NRAS,MIR5193 /// UBA7
MAPK1,THRA
MAPK1,PTPN21
MAPK1,CCL5
MAPK1,CYP2E1
MAP2K2,EPHB3
MAP2K2,ESRRA
MAP2K2,CYP2A6
MAP2K2,SCARB1
MAP2K2,TTLL12
MAP2K1,LINC00152 /// LOC101930489
MAP2K1,WFDC2
MAP2K1,MAPK1
MAP2K1,MAPK1
MAP2K1,ADAM32
MAP2K1,SPATA17
KRAS,PRR22
KRAS,PRR22
KRAS,PXK
KRAS,PXK
KRAS,VPS18
KRAS,MSANTD3
KRAS,SLC46A1
IQGAP1,SLC46A1
IQGAP1,TIMD4
IQGAP1,SLC39A5
IQGAP1,ZDHHC11 /// ZDHHC11B
IQGAP1,ATP6V1E2
IQGAP1,AFG3L1P
HRAS,CILP2
HRAS,CILP2
HRAS,PIGX
HRAS,TMEM196
HRAS,SLC39A13
HRAS,BEST4
HRAS,AK9
HRAS,CORO6
HRAS,TMEM106A
BRAF,TMEM106A
BRAF,ALG10
BRAF,ALG10
BRAF,TTC39C
BRAF,NEXN
BRAF,C15orf40
BRAF,RAX2
BRAF,MFAP3
BRAF,EYA3
BRAF,GIMAP1
RIMKLA,GIMAP1
NAT8L,GIMAP1
NAT8L,KLK8
KLK3,CCDC65
FOLH1,CCDC65
FOLH1,FAM122C
FOLH1,FAM122C
FOLH1,CCDC11
FOLH1,CCDC11
FOLH1,ARMCX4
FOLH1,RBBP6
FLNA,CENPBD1
ASPA,TRIOBP
ASPA,TRIOBP
ASPA,CATSPER1
ASPA,HOXD4
ALB,GSC
ALB,SP7
ALB,PDE7A
TP53,CNOT7
TP53,CRYZL1
RBBP8,PRSS33
RBBP8,PRSS33
RAD51,C19orf26
RAD51,C19orf26
RAD51,MCMDC2
FAM175A,TIRAP
FAM175A,LEAP2
FAM175A,MSI2
CSTF1,SCIN
BRCC3,SCIN
BRCC3,CTCFL
BRCC3,C4orf33
BRCC3,C4orf33
BRCC3,C4orf33
BRCA2,ZNF333
BRCA2,TVP23C
BRCA2,RDH10
BRCA2,RDH10
BRCA2,SRSF12
BRCA2,FAM71A
BRCA1,FAM71A
BRCA1,GAPT
BRCA1,FLJ30901 /// SCUBE1
BRCA1,ERICH5
BRCA1,ERICH5
BRCA1,CCDC185
BRCA1,ENTHD1
BRCA1,ENTHD1
BRCA1,TSSK3
BARD1,WFDC6
BARD1,CLEC12A
BARD1,BRF1
BARD1,C15orf27
BARD1,BACH1 /// GRIK1-AS2
BARD1,CALML6
BARD1,NLRP5
BARD1,ODF4
BARD1,ODF4
BARD1,CLEC4F
RAD51,DEFB106A /// DEFB106B
RAD51,DEFB106A /// DEFB106B
PALB2,WFDC9
PALB2,WFDC9
PALB2,NEDD1
FANCI,TTLL10
FANCI,TTLL10
FANCI,CALR3
FANCG,C10orf25
FANCG,ETV3
FANCG,KLHL10
FANCG,KLHL10
FANCD2,TM2D3
FANCD2,ZNF485
FANCD2,WDR17
FANCD2,MFSD6L
FANCD2,CDH23 /// LOC100653137
FANCD2,ANKAR
BRCA2,MEGF11
BRCA2,GPR182
BRCA2,ESX1
BRCA2,C8orf12
BRCA2,LOC653486 /// SCGB1C1
BRCA2,DNAJC5G
BRCA2,WDR88
BRCA1,WDR88
BRCA1,PRUNE2
BRCA1,MBD3L2
BRCA1,ADAMTSL1
BRCA1,MBD3L1
BRCA1,MBD3L1
BRCA1,FAM46D
BRCA1,SERPINB11
BARD1,LINC00161
BARD1,DSCR10
BARD1,DSCR10
BARD1,ABHD11
BARD1,ACAP2
BARD1,GAMT
BARD1,GAMT
BARD1,PLCD3
ATM,IRF6
ATM,IRF6
ATM,PTPRC
ATM,MAN1A2
ATM,RAPH1
ATM,SMCR8
ATM,LACTB
ATM,LACTB
ATM,BNC1
TP53,MPP4
TOPBP1,LACE1
PALB2,IDI2
PALB2,CYP11B1
NBN,TAF8
NBN,COBL
NBN,SLAMF6
FANCD2,ZSCAN20
FANCD2,ZSCAN20
FANCD2,GPBAR1
FANCD2,RHBDL2
BRIP1,FRAS1
BRIP1,BRSK1
BRIP1,CRB2
BRIP1,KCNE4
BRIP1,KCNE4
BRCA1,CD300LG
BRCA1,SLC34A3
BRCA1,CPA6
BRCA1,WBP2NL
BRCA1,HIPK1
BRCA1,HIPK1
BRCA1,MTBP
BARD1,ACVR1C
BARD1,TMEM74
BARD1,TMEM74
BARD1,TIGD4
BARD1,TIGD4
BARD1,ART5
BARD1,FAM71C
BARD1,C21orf67
BABAM1,NLRP11
BABAM1,ATP6V1C2
BABAM1,CLDN19
BABAM1,VTI1A
BABAM1,KIF6
ATM,IQCD
ATM,TAGAP
ATM,TAGAP
ATM,STON2
ATM,SERPINA12
ATM,LETM2
ATM,BSND
ATM,BSND
ATM,CLEC4C
PDCD1LG2,NLRC4
PDCD1,NLRC4
PDCD1,PRSS36
HOXD13,ZDHHC15
HOXD13,RAI1
HLA-DRA,CDK15
HLA-DRA,ZNF570
HLA-DRA,AF131215.4
CTLA4,NUDT9P1
CTLA4,BTBD16
CTLA4,RTP3
CD80,RTP3
CD80,TSPEAR
CD80,MIPOL1
CD80,MIPOL1
CD80,C6orf141
CD4,ALMS1P
CD4,MYO3B
CD4,ADAM21
CD4,TRIML2
CD4,ABCC13
CD4,ABCC13
CD3E,IL12RB1
CD3E,GTF2A1L
CD3E,TRPV3
CD3E,CNBD1
CD3E,CNBD1
CD3E,ABCC12
CD3E,MMP21
CD274,TMEM190
CD274,GAS2L2
CD274,KCNG4
CD274,PXT1
CD274,CACNG5
CD274,LINC00308
CD274,LINC00308
CD274,FAM223A /// FAM223B
CD274,WFDC11
CD247,IFNL2 /// IFNL3
CD247,JAK1
CD247,JAK1
CD247,CDC42SE2
CD247,CDC42SE2
CD247,ACACB
CD247,ACACB
CD247,RFWD2
CD247,STX6
PIK3R3,ANLN
PIK3R2,SPRR4
PIK3R2,POLR2J /// POLR2J2 /// POLR2J3 /// UPK3BL
PIK3R1,LOC441259 /// POLR2J /// POLR2J2 /// POLR2J3 /// UPK3BL
PIK3R1,HSH2D
PIK3R1,TRNT1
PIK3CA,TMEM163
PIK3CA,ARHGAP5
PIK3CA,HERPUD2
PIK3CA,JMJD6
KRAS,SRCAP
KRAS,MAP3K6
KRAS,ARSG
KRAS,ZNF101
KRAS,ZNF101
IRS1,PTPN11
IRS1,KLHDC7B
IRS1,ATAD3A /// ATAD3B
IRS1,ZNF626
IRS1,PHC3
IRS1,IL11RA
HRAS,TNFRSF10A
HRAS,RAD51L3-RFFL /// RFFL
HRAS,RAD51L3-RFFL /// RFFL
HRAS,HPS4
HRAS,UHMK1
HRAS,TXNDC2
HRAS,NAV3
ERBB3,C5orf22
ERBB3,PCDHGB7
ERBB3,PCDHGB7
ERBB3,ERC1
ERBB3,FLCN
ERBB3,JMJD1C-AS1
ERBB3,LRRC7
ERBB3,SH2D3C
EGFR,PPP1R3B
EGFR,PPP1R3B
EGFR,SLC9A7
EGFR,IGSF3
EGFR,RFX6
EGFR,DIRC1
EGFR,DNAJB7
EGFR,UCN3
EGFR,DIP2A
AKT1,USP28
AKT1,CASC5
AKT1,CASC5
AKT1,SENP8
AKT1,GRHL1
AKT1,CNBD2
AKT1,CNBD2
AKT1,CASKIN1
AKT1,CACNA2D4
AKT1,ARL11
NRG1,ARL11
HSP90AA1,SLC2A13
HSP90AA1,SLC2A13
GRB7,NIPA1
GRB7,TUBA3FP
GRB2,CARD16
GRB2,CARD16 /// CASP1
GRB2,DUSP19
GRB2,DUSP19
ERBB2IP,CYB5D1
ERBB2IP,NMNAT2
ERBB2IP,SLC4A1
ERBB2IP,CREG2
ERBB2,RXFP1
ERBB2,SPEF2
ERBB2,CEP170 /// CEP170P1
ERBB2,DTD1
ERBB2,CASC4
ERBB2,FGF1
EGFR,ARPP21
EGFR,RHOXF1
EGFR,ADAMTS17
EGFR,ADAMTS17
EGFR,ADAMTS17
EGFR,SNHG7 /// SNORA17 /// SNORA43
EGFR,DHH
EGF,ABRA
EGF,ABRA
EGF,KLHDC1
EGF,RICTOR
EGF,PCDHGA4
EGF,NETO1
EGF,WWP2
CTNNB1,ST7L
CTNNB1,ST7L
CTNNB1,C2orf15
CTNNB1,KCNH8
CTNNB1,MCF2L
CTNNB1,SLCO6A1
CTNNB1,PP2D1
CD44,KLC3
CD44,CIB3
CD44,CIB3
CD44,CADM2
CD44,CADM2
CD44,C9orf66
TIMP3,C9orf66
TIMP2,HDAC9
TIMP2,HDAC9
TIMP1,SLC16A11
THBS2,TMEM67
THBS2,TMEM67
THBS2,HS6ST2
THBS2,HS6ST2
TGFB1,CAMKK1
TGFB1,ZNF625
TGFB1,ZNF563
TGFB1,LIN9
STAT3,CLEC4D
STAT3,CLEC4D
STAT3,SLC25A27
MMP2,GPRC6A
MMP2,RAET1E
MMP2,SLC44A5
MMP2,SLC44A5
MMP2,ZNF417
MMP2,ZNF781
MMP2,HELB
LCN2,HELB
LCN2,SEC62
LCN2,SEC62
LCN2,TRDN
LCN2,SOCS4
LCN2,C8orf31
DCN,ZNF547
DCN,SIM1
DCN,PROM2
DCN,TLR4
DCN,TSNARE1
DCN,ABHD11
DCN,CAPN13
COL18A1,STMN1
COL18A1,TIRAP
COL18A1,SIGLEC10
COL18A1,SIGLEC10
COL18A1,ADAMTSL1
COL18A1,RFX4
COL18A1,WFIKKN1
TIMP1,SENP1
TGFB1,KLF14
TGFB1,KLF14
STAT3,NXNL2
STAT3,BRS3
STAT3,LINC00205 /// LOC102723489 /// LOC102725097
PLG,TMX3
PLG,ZNF396
PLG,SLC26A7
PLG,SLC26A7
MMP9,SNX18
MMP9,FBXO39
MMP9,B3GNT6
MMP9,B3GNT6
MMP9,DENND1B
MMP1,ZNF619
MMP1,ICK
MMP1,FAM71D
MMP1,BCL2L14
MMP1,HS6ST3
MMP1,SLC26A1
IL6,CLDN15
IL6,RAB42
IL6,PTCHD1
IL6,M1AP
IL6,ZSCAN4
IL6,ZSCAN4
IL6,VWA5B1
FGF2,VWA5B1
FGF2,LINC00311
FGF2,HTR6
FGF2,MAGEB6
FGF2,LOC101060464 /// LOC101929858 /// LOC101930165 /// LOC101930171 /// TCEB3C /// TCEB3CL /// TCEB3CL2
FGF2,RUSC1-AS1
FGF2,CACNG6
FGF2,LMNTD1
BSG,CIRBP-AS1
BSG,AXDND1
BSG,ASMTL-AS1
BSG,ASMTL-AS1
BSG,CD200R1
BSG,LINC00334
ACAN,LINC00334
ACAN,ATOH7
ACAN,ATOH7
ACAN,SEC16B
ACAN,AMER1
ACAN,NKX6-3
ACAN,NKX6-3
SPARC,TBATA
PAPLN,EXOC3L2
MMP2,CABP4
MMP2,TNFRSF13C
ERBB4,CAMK2N2
DCN,ANKRD30BP2
DCN,KCNG3
DCN,KCNG3
DCN,LINC01312
COL3A1,LINC01312
COL3A1,FOXP2
COL3A1,B4GALNT2
COL3A1,NETO1
COL1A2,FMR1NB
COL1A2,GCSAML
COL1A2,SIGLEC11
COL1A2,SIGLEC11
COL1A2,IL23R
COL1A1,MAGEB18
COL1A1,CD276
COL1A1,IFNL2
COL1A1,IFNL1
COL1A1,C4orf36
COL1A1,FIGNL1
BGLAP,RIMS1
BGLAP,PITPNM2
BGLAP,PITPNM2
BGLAP,PCDH10
BGLAP,TAB3
BGLAP,TAB3
ALB,GRK7
ALB,MMEL1
ALB,PDE8A
ALB,NLRP6
ALB,AKNAD1
ALB,ZCCHC5
ALB,ATRIP /// TREX1
IL5,ZIC5
IL4R,ANGPT1
IL4R,TEDDM1
IL4,LOC149373
IL4,GABRG1
IL4,PANX2
IL19,ZNF114
IL19,ZNF114
IL19,CCDC27
IL19,C15orf26
IL13RA2,LOC100652931 /// RBMY2FP
IL13RA2,NEUROD2
IL13RA2,C5orf17
IL13RA2,LINC00208
IL13RA2,DNAH6
IL13RA2,LRRC15
IL13,TTC40
IL13,B3GNT7
IL13,ZNF645
IL13,ZMYM6
IL13,ZMYM6
IL13,SGCZ
IL13,LOC100507431
IL10,WNT9B
IL10,CNPY3
IL10,SCAMP1
IL10,LINC00471
IL10,HAS3
IL10,FGF4
IL10,SLC30A8
IFNG,LOC142937
IFNG,LOC439933
IFNG,C11orf65
IFNG,FAM71E2
IFNG,OR5P2
IFNG,DYDC1
IFNG,IL27
IFNG,IQCF1
CHI3L1,DEFB125
CHI3L1,WFDC10B
CHI3L1,DEFB105A /// DEFB105B
CHI3L1,PKHD1
CHI3L1,PKD1L1
RAPGEF6,GPR112
RAPGEF6,TENM1
RAPGEF6,REXO1L1P
RAPGEF6,TAF1L
RAPGEF6,CNTNAP5
RAPGEF6,RECQL4
RAPGEF6,GPR113
RAPGEF6,TMC2
RAPGEF6,SMCR5
RAPGEF6,BICD2
RAPGEF2,ZIM3
RAPGEF2,NOX5
RAPGEF2,DAOA-AS1
RAPGEF2,GPR126
RAPGEF2,KLHL4
RAPGEF2,GPR156
RAPGEF2,SUOX
RAPGEF2,GPR115
RAP2A,IL31RA
RAP2A,SYTL5
RAP2A,SDCCAG8
RAP1B,GPR111
RAP1B,SYN2
RAP1B,ASB10
RAP1B,HTR3C
RAP1A,NFKBID
RAP1A,CD300LF
RAP1A,GJA10
RAP1A,WNT9A
PTPN13,GAL3ST2
MRAS,PIP4K2B
MRAS,PIP4K2B
MRAS,ODF3
MLLT4,WFDC13
MLLT4,LINC00521
MLLT4,SLFN5
MLLT4,SERPINB12
MLLT4,GIPC3
MLLT4,PGLYRP3
MLLT4,PSKH2
MLLT4,OR6W1P
MAGI3,MOGAT1
MAGI3,GPR78
MAGI3,H1FOO
MAGI3,TAAR9
MAGI1,GNRHR2
MAGI1,MYOZ3
MAGI1,MYOZ3
F11R,BNIPL
F11R,ASB11
RAPGEF6,OFCC1
RAPGEF6,OFCC1
RAPGEF6,SDR9C7
RAPGEF6,OR5P3
RAPGEF6,TRIM40
RAPGEF6,CSN1S2AP
RAPGEF6,WFDC12
RAPGEF6,CRYGN
RAPGEF6,STARD6
RAPGEF6,C11orf40
RAPGEF2,C18orf12
RAPGEF2,BCL2L11
RAPGEF2,WFDC2
RAPGEF2,DEFB119
RAPGEF2,FLJ45513 /// TAC4
RAPGEF2,BCL2L11
RAPGEF2,TIGD1
RAPGEF2,ALKBH5
RAP2A,CCDC69
RAP2A,NFX1
RAP2A,DSG2
RAP1B,C5orf24
RAP1B,C5orf24
RAP1B,C5orf24
RAP1B,KBTBD6
RAP1A,CDK8
RAP1A,CDK8
RAP1A,PTK6
RAP1A,NKD1
PTPN13,STK38
MRAS,THEM4
MRAS,CLSPN
MRAS,RBAK
MLLT4,WDR62
MLLT4,WDR62
MLLT4,SLC39A12
MLLT4,RNF168
MLLT4,SVEP1
MLLT4,LOC652276
MLLT4,GATA4
MLLT4,TC2N
MAGI3,C9orf72
MAGI3,C9orf72
MAGI3,KCTD18
MAGI3,KLF11
MAGI1,ANKLE1
MAGI1,PLXNA3
MAGI1,PELO
F11R,LACC1
F11R,LACC1
UPB1,TAPT1-AS1
UPB1,C3orf30
UPB1,RANBP3L
UPB1,SNX13
UPB1,KDM1B
UPB1,ATP6V0D2
UPB1,ATP6V0D2
UPB1,ATP6V0D2
UPB1,LHX4
UPB1,LHX4
GAD2,CEP19
GAD2,DNAH11
GAD2,PROSER3
GAD2,ADPRHL1
GAD2,SYNRG
GAD2,CDH24
GAD2,SEPSECS
DPYS,GRIK5
DPYS,LRRN4
DPYS,LRRN4
DPYD,ZNF777
DPYD,JPH2
DPYD,PDE5A
ALDH9A1,SH2D1B
ALDH9A1,SH2D1B
ALDH9A1,SSTR3
ALDH9A1,ADAMTS19
ALDH3B2,ADAMTS19
ALDH3B2,DDX31
ALDH3B2,UMODL1
ALDH3A2,RASEF
ALDH3A2,RASEF
ALDH3A2,PARD3B
ALDH3A2,PARD3B
ALDH3A2,DST
ALDH3A2,ZNF441
ALDH2,ZNF441
ALDH2,NEGR1
ALDH2,FCRL3
ALDH2,DCAF4L2
ALDH2,DCAF4L2
ALDH2,STOX1
ALDH1B1,C20orf166-AS1
ALDH1B1,C20orf166-AS1
ALDH1B1,ARL10
ALDH1B1,RNFT2
ALDH1B1,ANKFN1
ALDH1B1,KRT78
AGXT2,KRT78
AGXT2,CCDC7
AGXT2,CCDC7
AGXT2,ZNF41
AGXT2,ZNF41
AGXT2,ZNF512
AGXT2,AMMECR1
AGXT2,FAM117B
ABAT,ZNF583
ABAT,OXER1
ABAT,LUZP1
ABAT,ZNF75D
ABAT,LINC00052
ABAT,BRWD1
ABAT,CCDC89
ABAT,ZNF572
WBP4,RMDN2
WBP11,ADAMTS18
WBP11,PCDHAC1
WBP11,PCDHAC1
WBP11,HIPK4
WBP11,FAM124A
WBP11,NKAIN3
WBP11,ITIH5
WBP11,FANCB
WBP11,POMK
WBP11,ZNF709
PRPF19,CCDC57
PRPF19,SMC1B
PRPF19,BRWD3
PRPF19,ASB16
PRPF19,MAGEE2
PRPF19,ERVV-1
PRPF19,GAL3ST3
PQBP1,FLJ30679
PQBP1,ALS2CR11
PQBP1,ALS2CR11
PQBP1,UTS2R
PQBP1,USH1G
PQBP1,SYN1
PQBP1,SLC23A3
PPP1CC,CNOT6L
PPP1CC,CNOT6L
PPP1CC,RHBDL3
PPP1CA,ZNF718
PPP1CA,DIP2B
PPP1CA,SLC36A1
PPP1CA,SNRNP48
PLRG1,ZNF560
PLRG1,RTTN
PLRG1,BTNL9
PLRG1,PUS10
PLRG1,PLCXD2
PLRG1,C21orf128
PLRG1,LMLN
CWC15,RAD9B
CWC15,ZNF555
CWC15,NYAP1
CWC15,SGK494
CWC15,MRGPRX3
CWC15,ABCA13
CWC15,GPR128
CWC15,CSF3R
CTNNBL1,C17orf77
CTNNBL1,DUSP5P1
CTNNBL1,DGKH
CTNNBL1,TMEM182
CTNNBL1,C16orf46
CTNNBL1,LSM14B
CTNNBL1,CASP8
CDC5L,PLB1
CDC5L,C20orf197
CDC5L,SLC5A3
CDC5L,KIF19
CDC5L,SLFNL1
CDC5L,GPR82
CDC5L,GPR82
CDC5L,RIBC1
CDC5L,OXGR1
BCAS2,CDC14C
BCAS2,SULT1C4
BCAS2,TEAD1
BCAS2,CATSPER2 /// CATSPER2P1 /// LOC101930343
BCAS2,POU5F2
BCAS2,RXFP2
BCAS2,BEND7
POLR3K,SLC18A2
POLR3K,SSMEM1
POLR3K,SSMEM1
POLR3K,MAB21L3
POLR3K,LOC285696
POLR3K,MIER3
POLR3K,SDE2
POLR3K,SLC35G3 /// SLC35G4P /// SLC35G5
POLR3K,UROC1
POLR3K,PCDH15
POLR3F,TNRC6A
POLR3F,KCNA6
POLR3F,NFX1
POLR3F,ARID2
POLR3F,AMER3
POLR3F,OTUD7A
POLR3F,ERVW-1
POLR3F,LINC00889
POLR3F,FBXL18
POLR3F,FBXL18
POLR3E,DNAH6
POLR3E,C6orf195
POLR3E,PNPLA1
POLR3E,DEPDC4
POLR3E,ANKRD23 /// ANKRD39
POLR3E,COX6B2
POLR3E,FAM129C
POLR3E,EPHA10
POLR3E,WDR64
POLR3E,PRO2949
POLR3D,BTBD9
POLR3D,AXDND1
POLR3D,HEATR9
POLR3D,PARP15
POLR3D,ARHGAP42
POLR3D,LINC01101
POLR3D,MFSD2A
POLR3D,ATM
POLR3D,FAM26D
POLR3D,NPHP3
POLR3B,ATG9B
POLR3B,CXorf58
POLR3B,EFCAB3 /// LOC102724660
POLR3B,TFAP2B
POLR3B,CD200R1
POLR3B,CCDC13
POLR3B,CCDC13
POLR3B,CRHR1-IT1 /// MGC57346
POLR3B,CRHR1-IT1 /// MGC57346
POLR3B,MRGPRX1
POLR3A,HFE
POLR3A,RLN3
POLR3A,CSMD1
POLR3A,MACF1
POLR3A,ADAMTS20
POLR3A,ABCC12
POLR3A,SALL3
POLR3A,AGBL4
POLR3A,FLJ13744
POLR3A,SLC17A8
POLR2L,C11orf44
POLR2L,CNTNAP5
POLR2L,SATB2-AS1
POLR2L,RBFOX1
POLR2L,SLFN13
POLR2L,C12orf40
POLR2L,WDR65
POLR2L,C5orf64
POLR2L,ADAMTS15
POLR2L,LY86-AS1
POLR2H,FLJ31713
POLR2H,EDARADD
POLR2H,LOC101060424 /// LOC653786 /// OTOA
POLR2H,CCDC171
POLR2H,CYP4Z2P
POLR2H,C18orf15
POLR2H,MUC19
POLR2H,KLHDC7A
POLR2H,C11orf72
POLR2H,AQP4-AS1
POLR2F,CNTNAP4
POLR2F,CNTNAP4
POLR2F,FER1L6-AS1
POLR2F,C1orf127
POLR2F,LOC100996634
POLR2F,AGBL1
POLR2F,FLJ34503
POLR2F,LINC00304
POLR2F,LINC00304
POLR2F,CCDC79
POLR2E,MYO1H
POLR2E,ASB14
POLR2E,RPTN
POLR2E,LINC00269
POLR2E,VSTM4
POLR2E,CCDC150
POLR2E,C2orf61
POLR2E,FAM9B
POLR2E,FLJ40288
POLR2E,CES5A
POLR1C,CHDC2
POLR1C,DCAF8L2 /// FLJ32742 /// LOC101928481
POLR1C,HYDIN2
POLR1C,DNAH17
POLR1C,SLC35G3
POLR1C,FLJ32955
POLR1C,LOC100288966
POLR1C,KIRREL3-AS3
POLR1C,TMEM145
POLR1C,C15orf32
UBE3A,TSGA10IP
UBE3A,LINC00477
UBE3A,CCDC140
UBE3A,C17orf78
TP53,TEKT5
TP53,TEKT5
TP53,KSR2
TP53,PAX1
TP53,TDH
TP53,TDH
TP53,LINC00615
TP53,SERPINA9
TP53,FBXL21
TP53,AKAP2 /// PALM2 /// PALM2-AKAP2
SIRT1,MRGPRX4
SIRT1,A2ML1
SIRT1,CPO
SIRT1,GPR6
SIRT1,MDS2
RPA1,RQCD1
RPA1,GJD3
RPA1,HOXC12
RPA1,VNN3
RPA1,VNN3
RPA1,MYEOV2
MDM2,FERD3L
MDM2,DEFT1P /// DEFT1P2
MDM2,LINC00314
MDM2,DEFB104A /// DEFB104B
MDM2,NLRP14
MDM2,DGKB
MDM2,NLRP13
MDM2,NLRP8
MDM2,NLRP9
MDM2,TAF5
EP300,TAS1R2
EP300,ITGB1
EP300,PCSK6
EP300,ZNF341
EP300,JPH1
EP300,NLRP10
EP300,RANGAP1
EP300,MBNL2
EP300,KRT73
DDX5,COX1
DDX5,KRT74
DDX5,SLC29A2
DDX5,LMX1A
CREBBP,CCDC125
CREBBP,GPR101
CREBBP,ILDR1
CREBBP,VN1R2
CREBBP,VN1R5
CREBBP,ND2
CDK2,TAAR8
CDK2,TAS2R39
CDK2,TAS2R38
CDK2,TAS2R40
CDK2,TAS2R41
CDK2,TMEM171
CDK2,VN1R4
CDK2,TAS2R50
BARD1,CD8B /// LOC100996919
BARD1,MACROD2
BARD1,DDAH1
BARD1,PIANP
BARD1,ATP6
BARD1,HIST1H1T
AURKA,COX2
AURKA,COX2
AURKA,CYGB
AURKA,EFNA2
AURKA,IFNE
MUC1,ND6
MUC1,SPAG11A /// SPAG11B
MUC1,SREK1IP1
MUC1,SPAG11A /// SPAG11B
MUC1,THRSP
MUC1,CXorf36
MUC1,MAGEA10-MAGEA5 /// MAGEA5
MUC1,FBXL19-AS1
MUC1,POLE4
MUC1,ND3 /// SH3KBP1
MUC1,PDZK1IP1
MUC1,FAM27E2 /// FAM27E3
MUC1,BCRP3
MUC1,BCRP3
MUC1,TAL2
MUC1,INSL3
MUC1,SYCP3
MUC1,TMIE
MUC1,TMIE
MUC1,MUCL1
MUC1,ATL2
MUC1,ABCA13
MUC1,ABCA13
MUC1,BACH1 /// GRIK1-AS2 /// LINC00189
MUC1,LINC00189
MUC1,KLHL35
MUC1,ZNF354B
MUC1,FOXC1
MUC1,FLJ25694 /// LOC101929344
MUC1,TRIM43 /// TRIM43B
MUC1,TRIM43 /// TRIM43B
MUC1,TRIM42
MUC1,FSIP1
MUC1,MGC15705
MUC1,FAM98B
MUC1,EFCAB13
MUC1,EFCAB13
MUC1,FAM71B
MUC1,C10orf107
MUC1,LOC101929373 /// SLC9B1
MUC1,WEE2-AS1
MUC1,TCTEX1D1
MUC1,TMCO5A
MUC1,TMCO5A
MUC1,PPARGC1B
MUC1,XKR6
MUC1,TSGA13
MUC1,C9orf163
MUC1,SYNE3
MUC1,CCDC141
MUC1,HDX
MUC1,CDYL2
MUC1,C18orf54
MUC1,C18orf54
MUC1,SYT14
MUC1,CDC20B
MUC1,TECTB
MUC1,VWA3A
MUC1,LINC00896
MUC1,HUS1B
MUC1,HUS1B
MUC1,NPB
MUC1,CCDC34
MUC1,LRCH3
MUC1,INTS4
MUC1,ENAH
MUC1,STK35
MUC1,LRRIQ3
MUC1,KLC4
MUC1,TIPRL
MUC1,ITGB1
MUC1,VKORC1L1
MUC1,PRF1
MUC1,FBXL14
TTN,FBXL14
TTN,PPIL6
TTN,SP1
TTN,C18orf25
TTN,METTL6
TTN,METTL6
TTN,SGOL1
TTN,B3GALNT2
TTN,CBR4
TTN,PIK3C2A
TTN,NLRX1
TTN,ZNF569
TTN,CCSAP
TTN,CCSAP
TTN,DUSP18
TTN,ZNF697
TTN,ZNF791
TTN,ZNF791
TTN,CHRM3
TTN,HTRA4
TTN,LINC00525
TTN,PRPF38A
TTN,FAM218A
TTN,FAM218A
TTN,RHEBL1
TTN,FAM195A
TTN,KCTD7 /// RABGEF1
TTN,ZNF548
TTN,ZNF548
TTN,AMER2
TTN,RNF152
TTN,RNF152
TTN,GPR97
TTN,ZNF644
TTN,TBC1D32
TTN,B4GALNT3
TTN,LRRC43
TTN,LRRC43
TTN,LRRC43
TTN,CEP89
TTN,AK7
TTN,ZFC3H1
TTN,IRAK2
TTN,IRAK2
TTN,LINC00337
TTN,METTL21A
TTN,OTOGL
TTN,MGC16025
TTN,FAM76B
TTN,FAM76B
TTN,SPATA25
TTN,NXNL1
TTN,GLIS3-AS1
TTN,IQCG
TTN,MCM9
TTN,PRR14L
TTN,AJUBA
TTN,KLHL32
TTN,DCBLD1
TTN,SLAMF9
TTN,SLAMF9
TTN,GK5
TTN,FLJ31715
TTN,UBE2U
TTN,WBSCR27
TTN,LINC00638
TTN,ZC3HAV1L
TTN,RASGEF1B
TTN,C11orf45
TTN,C21orf58
TTN,KIAA1109
TTN,KIAA1109
TTN,STOML3
TTN,LINC01105
TTN,LINC01105
TTN,FBXL13
TTN,FAM227B
TTN,DTD2
TTN,SOX3
TTN,SPATA32
STIP1,SPATA32
STIP1,C3orf49
STIP1,NKX2-3
STIP1,TMEM252
STIP1,KIAA1524
STIP1,FAM222A-AS1
STIP1,TLE6
STIP1,TLE6
STIP1,TCEANC
STIP1,LOC102725315 /// LOC727983 /// POM121L10P /// POM121L1P /// POM121L4P /// POM121L8P /// POM121L9P
STIP1,LOC102725315 /// LOC727983 /// POM121L10P /// POM121L1P /// POM121L4P /// POM121L8P /// POM121L9P
STIP1,HECTD4
STIP1,RTP1
STIP1,RTP1
STIP1,PRR35
STIP1,NXPE1
STIP1,CYP1B1-AS1
STIP1,MAGEA2 /// MAGEA2B
STIP1,APOBEC3D
STIP1,LINC00315
STIP1,COL6A5
STIP1,COL6A5
STIP1,PGAM5
STIP1,C4orf45
STIP1,CCDC149
STIP1,CCDC149
STIP1,BEND2
STIP1,C10orf67
STIP1,C10orf67
STIP1,C10orf67
STIP1,SPERT
STIP1,SPERT
STIP1,CCDC26
STIP1,C21orf88
STIP1,SPIC
STIP1,VPS13B
STIP1,P2RY10
STIP1,IGSF22
STIP1,ZBTB3
STIP1,TPH1
STIP1,DCST1
STIP1,TCP11L2
STIP1,WDFY4
STIP1,GPR26
STIP1,GPR26
STIP1,KIAA0825
STIP1,SESN3
STIP1,CSNK1G2-AS1
STIP1,NATD1
STIP1,KLHL34
STIP1,ZSCAN10
STIP1,ZSCAN10
STIP1,SAMD3
STIP1,GOT1L1
STIP1,GOT1L1
STIP1,C10orf91
STIP1,MGC16142
STIP1,LINC00504 /// LINC00504 /// MGC4836
STIP1,ZNF99
STIP1,ZNF99
STIP1,CCDC108
STIP1,SIGLECL1
STIP1,LDHAL6A
STIP1,MRGPRX2
STIP1,NTN5
STIP1,KLF17
STIP1,CCDC105
STIP1,CCDC122
STIP1,C11orf42
STIP1,DKFZp434L192
STIP1,POM121L1P /// POM121L8P /// POM121L9P
STIP1,ZNF486
STIP1,CXorf22
STIP1,FGD2
STIP1,EXD1
STIP1,FAM178A
STIP1,NBPF4
STIP1,ZNF663P
STIP1,LINC00955
STIP1,MGC34800
STIP1,C10orf126
STIP1,PIKFYVE
STIP1,LINC00479
STIP1,C9orf62
STIP1,C9orf84
STIP1,SLC22A24
MMP23B,FMO9P
MMP23B,C7orf33
MMP23B,ELMOD2
MMP23B,ACER1
MMP23B,TAAR1
MMP23B,OSTCP1
MMP23B,LINC00305
MMP23B,BFSP2-AS1
MMP23B,BFSP2-AS1
MMP23B,STK32A
MMP23B,LRRC28
MMP23B,NS3BP
MMP23B,CTAGE5 /// MIA2
MMP23B,GPHB5
MMP23B,DCD
MMP23B,EXOSC6
MMP23B,IQSEC3
MMP23B,ZDHHC19
MMP23B,ALG14
MMP23B,PPP1R21
MMP23B,TMEM237
MMP23B,ZNF564
AGR2,B3GALT6
AGR2,SNX21
AGR2,SNX21
AGR2,RHOB
AGR2,RHOB
AGR2,RHOB
AGR2,ADAT3
AGR2,ADAT3
AGR2,CEL
AGR2,GATS
AGR2,CBS
AGR2,SPINK6
AGR2,C22orf39
AGR2,DPCD
AGR2,CYP39A1
AGR2,MEF2BNB
AGR2,ZNF121
AGR2,RAB7B
AGR2,DTYMK
AGR2,DTYMK
AGR2,RASEF
AGR2,MAPKAPK5-AS1
AGR2,ATP6V1C2
AGR2,BRICD5
AGR2,LOC101928274 /// VSIG10
AGR2,NBR2
AGR2,MED25 /// MIR6800
AGR2,NT5E
AGR2,NT5E
AGR2,ASPHD1
AGR2,DMRTC1 /// DMRTC1B
AGR2,TRIM37
AGR2,ARHGEF28
AGR2,ARHGEF28
AGR2,LLGL2
AGR2,OSMR
AGR2,NDST1
AGR2,RSPO2
AGR2,CHD2
AGR2,CHD2
DAB2,USB1
DAB2,RILPL1 /// SNRNP35
DAB2,GPNMB
DAB2,CEP57L1
DAB2,BICD1
DAB2,ZNF12
DAB2,CCDC13
DAB2,CCDC13
DAB2,MYO10
DAB2,SLC4A4
DAB2,TTC37
DAB2,ARSB
DAB2,ARSB
DAB2,FRMD4A
DAB2,FRMD4A
DAB2,ZBTB24
DAB2,ZBTB24
DAB2,LARP1B
DAB2,C14orf159
DAB2,TMEM239
DAB2,TMEM239
DAB2,MRAP
DAB2,ZNF24
DAB2,TXNDC9
DAB2,DCAF8
DAB2,SMPDL3B
DAB2,CNOT1
DAB2,SPTLC1
DAB2,ASH1L-AS1
DAB2,SETMAR
DAB2,SETMAR
DAB2,XG
DAB2,ZHX1-C8orf76
DAB2,MVB12B
BASP1,C12orf66
BASP1,C12orf66
BASP1,EPHA8
BASP1,CCDC67
BASP1,CCDC67
BASP1,SLFNL1
BASP1,TMEM136
BASP1,TMEM53
BASP1,DNAJA3
BASP1,GALNT18
BASP1,RQCD1
BASP1,NOL9
BASP1,NOL9
BASP1,DDX51
BASP1,TUBGCP3
BASP1,SBDS /// SBDSP1
BASP1,TIRAP
BASP1,SNAPC5
S100B,ENTPD5
S100B,RBM33
S100B,RBM33
S100B,MIR31HG
S100B,SPIN3
S100B,SPIN3
S100B,TMTC4
S100B,TMTC4
S100B,TMEM185A
S100B,NBEAL1
S100B,CDCP1
S100B,ULK2
S100B,SLC4A8
S100B,SSH2
S100B,C5orf58
S100B,PARP11
S100B,CCDC60
S100B,USB1
S100B,HSD17B12
S100B,HSD17B12
S100B,NLGN4Y
S100B,MSRB3
S100B,MSRB3
S100B,ADIG
MIA,ADIG
MIA,CCSER2
MIA,CCSER2
MIA,RUFY2
MIA,WDR78
MIA,WDR78
MIA,SUGT1P3
MIA,SUGT1P3
MIA,PPP1R21
MIA,MAATS1
MIA,SLC33A1
MIA,CLDND1
MIA,OGDH
MIA,OGDH
MIA,PHF21A
MIA,GDAP2
MIA,MCPH1
MIA,WFDC8
MIA,WFDC8
MIA,ZMYND11
MIA,ZMYND11
MIA,ZNF446
MIA,SLC25A27
MIA,TWIST2
MIA,FAM53B
MIA,GOLGA7
CSF3R,SH3KBP1
CSF3R,MBLAC1
CSF3R,ZMYM3
CSF3R,ZMYM3
CSF3R,CD300LB
CSF3R,CD300LB
CSF3R,C3orf33
CSF3R,ATP5S
CSF3R,FAM126B
CSF3R,LYNX1
CSF3R,SNX32
CSF3R,TRIM73 /// TRIM74
CSF3R,TRIM73 /// TRIM74
CSF3R,LOC554206
CSF3R,LOC554206
CSF3R,C11orf53
CSF3R,PLEKHS1
CSF3R,TRMT44
CSF3R,MANEA
CSF3R,C5orf46
CSF3R,IZUMO1
CSF3R,SH3YL1
CSF3R,PTPRO
CSF3R,CABP4
CSF3R,CABP4
CSF3R,GRIK1-AS1
CSF3R,ICA1L
CSF3R,TMLHE
CSF3R,MEI1
CSF3R,ZCCHC13
CSF3R,KCNS2
CSF3R,ARHGEF10
CSF3R,CCDC132
CSF3R,CCDC132
CSF3R,BC027448
CSF3R,BC027448
CSF3R,MGC45922
CSF3R,LOC101929497
CSF3R,LOC101929497
CSF3R,BAALCOS
CSF3R,CREBRF
CSF3R,ZNF396
CSF3R,C1QTNF9 /// C1QTNF9B
CSF3R,KATNAL2
CSF3R,CTNNA3
CSF3R,SDCCAG8
CSF3,ZADH2
CSF3,ITGAL
CSF3,COCH
CSF3,COCH
CSF3,ARL17A /// ARL17B /// LOC100294341
CSF3,C1orf210
CSF3,ZNF638
CSF3,ZNF638 /// ZNF638-IT1
CSF3,STAG3L2 /// STAG3L3 /// TRIM73
CSF3,HP1BP3
CSF3,CERS3
CSF3,CERS3
CSF3,PCNXL2
CSF3,DNAJC5B
CSF3,GPSM1
CSF3,FRYL
CSF3,KLHL29
CSF3,KLHL29
CSF3,CKAP2
CSF3,MORN1
CSF3,CENPL
CSF3,ERAP2
CSF3,ERAP2
CSF3,SSH1
CSF3,SART3
CSF3,FANCM
CSF3,TRMT2B
CSF3,C9orf43
CSF3,CCRN4L
CSF3,HAVCR2
CSF3,FLJ25758
CSF3,TRIM4
CSF3,FAM160B1
CSF3,HERC3 /// LOC101929134
CSF3,UHRF1BP1L
CSF3,UHRF1BP1L
CSF3,TTBK2
CSF3,TTBK2
CSF3,TTBK2
CSF3,CYP19A1
CSF3,WDR49
CSF3,NPAS4
CSF3,SVOPL
CSF3,LHFPL3-AS1
CSF3,LHFPL3-AS1
CSF3,HNMT
CSF3,MGC20647
CSF3,ITPKB
CSF3,LOC644852
CSF3,GABRA2
CSF3,EIF4G3
CSF3,EIF4G3
CSF3,SUPT6H
CSF3,RNF170
CSF3,C6orf141
CSF3,PGLS
CSF3,TRMT61A
CSF3,LOC100101148 /// LOC541473
CSF3,RPS6KA5
CSF3,NFS1
CSF3,HDAC4
CSF3,DYNC2LI1
CSF3,DOCK2
CSF3,CANT1
CSF3,STXBP4
CSF3,STXBP4
CSF3,LRRC18
CSF3,SLCO4A1-AS1
CSF3,DNAJA4
CSF3,DNAJA4
CSF3,CYTH4
CSF3,FARP2
CSF3,COG3
CSF3,DRAXIN
CSF3,HELQ
CSF3,HELQ
BCL2L1,STAP1
BCL2L1,AQP12A /// AQP12B
BCL2L1,GIN1
BCL2L1,GNB5
BCL2L1,CDKN2AIPNL
BCL2L1,XRCC6BP1
BCL2L1,TIPRL
BCL2L1,DENND4A
BCL2L1,SIAE
BCL2L1,SIAE
BCL2L1,GINS4
BCL2L1,FCHSD2
BCL2L1,BTG4
BCL2L1,PPP2R5C
BCL2L1,PPP2R5C
BCL2L1,CALHM1
BCL2L1,NT5C1B /// NT5C1B-RDH14
BCL2L1,PKD1L2
BCL2L1,NR1H4
BCL2L1,PTPLA
BCL2L1,CNTNAP4
BCL2L1,PDE1C
BCL2L1,TP73
BCL2L1,NEK11
BCL2L1,LINC00656
BCL2L1,TRAM2
BCL2L1,PADI2
BCL2L1,PADI2
BCL2L1,CST9
BCL2L1,VPS29
BCL2L1,ACTR2
BCL2L1,LOC653581
BCL2L1,AZIN2
BCL2L1,NELL1
BCL2L1,UEVLD
BCL2L1,UEVLD
BCL2L1,LYG2
BCL2L1,TCTE3
BCL2L1,TCTE3
BCL2L1,RP11-574H6.1
BCL2L1,LINC00161
BCL2L1,CLEC7A
BCL2L1,TK1
BCL2L1,WBSCR16
BCL2L1,WBSCR16
BCL2L1,CTNNB1
BCL2L1,SNX29P1 /// SNX29P2
BCL2L1,OSGIN2
BCL2L1,TAF5L
BCL2L1,APH1A
BCL2L1,SPOCK3
BCL2L1,GGNBP2
BCL2L1,ATF3
BCL2L1,FBXO7
BCL2L1,FIP1L1
BCL2L1,NLGN2
BCL2L1,DMWD
BCL2L1,SMIM11
BCL2L1,SMIM11
BCL2L1,ZNF146
BCL2L1,REG4
BCL2L1,KIAA1217
BCL2L1,KIAA0513
BCL2L1,WAPAL
BCL2L1,BEST1
BCL2L1,BEST1
BCL2L1,SLC35F6
BCL2L1,ZNF85
BCL2L1,JPX
BCL2L1,MIER3
BCL2L1,MIER3
BCL2L1,DNAJC14
BCL2L1,HILPDA
BCL2L1,HNRNPLL
BCL2L1,LINS
BCL2L1,LINS
BCL2L1,CFHR3
BCL2L1,ST8SIA4
BCL2L1,DNAJB9
BCL2L1,CRTAP
KEAP1,KRBOX4 /// ZNF674
KEAP1,C16orf13
KEAP1,FBF1
KEAP1,ZBTB44
KEAP1,ZBTB44
KEAP1,ANKRD13C
KEAP1,PHF20L1
KEAP1,SRGAP1
KEAP1,MOXD1
KEAP1,C19orf47
KEAP1,ZNF808
KEAP1,HEATR3
KEAP1,CARD8
KEAP1,ARMC10
KEAP1,EPB41
KEAP1,SAR1B
KEAP1,TMEM37
KEAP1,TMEM37
KEAP1,GFOD1
KEAP1,ATF6B
KEAP1,CEP70
KEAP1,CEP70
KEAP1,SERPINC1
KEAP1,THADA
KEAP1,THADA
KEAP1,MTHFSD
KEAP1,MTHFSD
KEAP1,RAD51B
KEAP1,PPA2
KEAP1,RGS7
KEAP1,TSC22D4
KEAP1,OSCAR
KEAP1,NAALAD2
KEAP1,NAALAD2
KEAP1,NAALAD2
KEAP1,PIK3AP1
KEAP1,FAM188A
KEAP1,GHITM
KEAP1,WWC1
KEAP1,CEP89
EWSR1,CEP89
EWSR1,ACSM5
EWSR1,LINC00537
EWSR1,LINC00537
EWSR1,GSTCD
EWSR1,CD80
EWSR1,LOC283861
EWSR1,CNNM2
EWSR1,CNNM2
EWSR1,OLFM3
EWSR1,OLFM3
EWSR1,MAATS1
EWSR1,VSTM2A
EWSR1,TTC12
EWSR1,C2
EWSR1,DPYD
KAT6A,DPYD
KAT6A,TMEM126B
KAT6A,RHOF
KAT6A,RHOF
KAT6A,DNAH14
KAT6A,GPRIN2
KAT6A,SLC25A48
KAT6A,SPAG9
KAT6A,MBP
KAT6A,APOBEC4
KAT6A,FAM13C
KAT6A,WDR20
KAT6A,KIAA1430
KAT6A,YIF1B
KAT6A,CCDC57
KAT6A,SETD6
KAT6A,ATP11B
KAT6A,ATP11B
KAT6A,DCAF5
KAT6A,GPR62
KAT6A,PGM5
KAT6A,SPPL3
KAT6A,SPPL3
KAT6A,KCTD17
KAT6A,DYNLRB1
KAT6A,CELF2
KAT6A,APBB1IP
KAT6A,SUV39H2
KAT6A,CYB5R3
KAT6A,BPNT1
KAT6A,ETV4
KAT6A,PSMD10
KAT6A,ZNF70
KAT6A,MYO18B
KAT6A,WWP2
KAT6A,METTL20
KAT6A,METTL20
KAT6A,LRRC48
KAT6A,RHOBTB2
KAT6A,TTC30B
KAT6A,LENG9
KAT6A,PCAT4
KAT6A,SLC1A6
KAT6A,SLC1A6
KAT6A,ARHGAP27
KAT6A,SYMPK
KAT6A,LIG3
KAT6A,LIG3
KAT6A,LMNA
KAT6A,NKAIN2
KAT6A,RBM8A
KAT6A,MBTPS2
KAT6A,CEP120
KAT6A,CNKSR2
KAT6A,TGOLN2
KAT6A,LOC100287896
KAT6A,ANKMY1
KAT6A,KIAA0226
KAT6A,KIAA0226
KAT6A,PTBP2
KAT6A,SERPINB8
KAT6A,AGFG2
KAT6A,MBLAC2
KAT6A,DGKE
KAT6A,DGKE
KAT6A,SIRPB1
KAT6A,BCL6B
KAT6A,ASCC1
KAT6A,ZNF57
KAT6A,EPHA7
KAT6A,ATM
KAT6A,MYT1L
CRKL,PDS5B
CRKL,NPAS3
CRKL,CBFA2T2
CRKL,ZFYVE16
CRKL,PALM2
CRKL,TET3
CRKL,RNF32
CRKL,RGS11
CRKL,OSBPL1A
CRKL,DUOXA1
CRKL,RP3-412A9.16
CRKL,RP3-412A9.16
CRKL,MAST4
CRKL,RPRML
CRKL,C20orf26
CRKL,NEK4
CRKL,CNST
CRKL,CNST
CRKL,C17orf47
CRKL,NUMA1
CRKL,NAIF1
CRKL,ZNF586
CRKL,LOC100130950
CRKL,METTL8
CRKL,FAM151A
CRKL,GGA1
CRKL,SRRM2
CRKL,TTC26
CRKL,SYCE1
CRKL,SRGN
CRKL,CMTM4
CRKL,HNRNPDL
CRKL,LAPTM4B
CRKL,KCNS2
CRKL,MGC50722
CRKL,MGC50722
CRKL,CEMIP
CRKL,STAU2
CRKL,NLGN4X
CRKL,TACC1
CRKL,PACSIN2
CRKL,SLC23A2
CRKL,CCNY
CRKL,TYMS
CRKL,ADAMTS9
CRKL,L3MBTL4
MLLT3,CDH7
MLLT3,TBC1D16
MLLT3,NALCN
MLLT3,ARHGEF10
MLLT3,ATP8B3
MLLT3,SCARA5
MLLT3,OR2L13
MLLT3,SPATA6L
MLLT3,SPATA6L
MLLT3,KCNMB1
MLLT3,CALHM3
MLLT3,GLYATL2
MLLT3,RELL1
MLLT3,LINC00593
MLLT3,LINC00593
MLLT3,PDE4D
MLLT3,NDUFA10
MLLT3,TAF2
MLLT3,TRPM3
MLLT3,SLC6A11
MLLT3,RABGAP1L
MLLT3,ZNF655
MLLT3,SLC9A1
MLLT3,MCTP1
MLLT3,LOC728175
MLLT3,LOC728175
MLLT3,TRIM7
MLLT3,ARHGAP29
MLLT3,FBN2
MLLT3,IPP
MLLT3,IPP
MLLT3,FGF7 /// KGFLP1 /// KGFLP2
MLLT3,PMS1
MLLT3,PMS1
MLLT3,CARD16
MLLT3,RALGPS1
MLLT3,Sep-02
MLLT3,CLCNKB
MLLT3,CLCNKB
MLLT3,MTUS2
MLLT3,INPP5A
MLLT3,CD99L2
MLLT3,SRCIN1
MLLT3,HEATR2
MLLT3,CLDN22 /// WWC2
MLLT3,UBE2DNL
MLLT3,LINC00301
MLLT3,LINC00301
MLLT3,CRYZL1
MLLT3,MAD2L1
MLLT3,ZNF785
MLLT3,ZNF785
MLLT3,RP11-690I21.2
MLLT3,EFCAB13
MLLT3,WFIKKN2
MLLT3,MINA
MLLT3,ZFP42
MLLT3,ZFP42
BAG1,PHLDB2
BAG1,PHLDB2
BAG1,PHTF2
BAG1,MGC32805
BAG1,KLHL30-AS1
BAG1,ARHGEF2
BAG1,CNTN1
BAG1,CCDC82
BAG1,CASS4
BAG1,STKLD1
BAG1,PDE8B
BAG1,ZSCAN20
BAG1,KANSL1L
BAG1,UBE3C
BAG1,UBE3C
BAG1,FBLIM1
BAG1,DPP6
BAG1,SYT16
BAG1,SNED1
BAG1,RAB39A
BAG1,FNDC9
BAG1,TRIM72
BAG1,CLDN19
BAG1,CLDN19
BAG1,FBXO8
BAG1,SPIRE1
BAG1,ACP1
BAG1,LOC389199
BAG1,PLA2G4C
BAG1,CLDN20
BAG1,UBE2O
BAG1,ASTN2
BAG1,DZANK1
BAG1,ITGA11
BAG1,AGBL3
BAG1,ZBED1
BAG1,PHTF2
BAG1,ZNF585A
BAG1,CDK15
BAG1,ADCY7
BAG1,PDGFRA
BAG1,STEAP3
BAG1,ALS2CR11
BAG1,MCTP2
BAG1,RASSF5
BAG1,B3GNT5
BAG1,USP36
BAG1,CYP4A11 /// CYP4A22
BAG1,CIDECP
BAG1,LOC280665
BAG1,MTHFD2L
BAG1,SLC12A1
BAG1,EYA3
BAG1,CCDC158
BAG1,ATP6V1B1
BAG1,TOR1A
BAG1,VWA5B2
BAG1,KIAA1257
BAG1,CYP2U1
BAG1,PARK2
BAG1,ELMO2
BAG1,PTPN7
BAG1,CMAHP
BAG1,DOK5
BAG1,SDC3
BAG1,TMEM135
BAG1,PRR16
BAG1,PCNP
BAG1,WDR37
BAG1,HMGCLL1
BAG1,CSPP1
BAG1,MITF
BAG1,CAMKMT
BAG1,S100Z
BAG1,ABCD3
BAG1,DKFZP434K028
BAG1,ERCC8
BAG1,ERCC8
BAG1,PRIM2 /// PRIM2B
BAG1,PRIM2 /// PRIM2B
BAG1,MLXIP
BAG1,LOC101927746
BAG1,TIA1
BAG1,TIA1
INSM1,LOC101927129
INSM1,MS4A3
INSM1,PCBD2
INSM1,RHBDL2
INSM1,RHBDL2
INSM1,FCER1G
INSM1,GAFA1
INSM1,FRMD8
INSM1,FRMD8
INSM1,MPHOSPH6
INSM1,HYDIN /// HYDIN2 /// LOC101930373
INSM1,HYDIN
INSM1,CCDC36
INSM1,PRKD3
INSM1,ABCC11
INSM1,ESYT3
INSM1,PLA2G4D
INSM1,PDE12
ETV6,JRK
ETV6,ABCC4
ETV6,C7orf63
ETV6,SCEL
ETV6,SCEL
ETV6,ZNF678
ETV6,ANKS6
ETV6,LINC00598
ETV6,SIK3
ETV6,FUT8
ETV6,CYP4A11 /// CYP4A22
ETV6,ZSWIM2
ETV6,PSIP1
ETV6,RCBTB1
ETV6,EXOC3L1
ETV6,ACOT11
ETV6,LOC388882
ETV6,KLHL14
ETV6,KLHL14
ETV6,VIL1
ETV6,VIL1
ETV6,LINC01234
ETV6,ACAT1
ETV6,LOC554174
ETV6,ACAN
ETV6,BC070490
ETV6,NLRP12
ETV6,C21orf90
ETV6,C21orf90
ETV6,LOC101928921
ETV6,ZNF641
ETV6,C1orf110
ETV6,FGFR4
ETV6,FGFR4
ETV6,FILIP1L
ETV6,FILIP1L
ETV6,DIP2A
ETV6,DIP2A
ETV6,PDILT
ETV6,OK/SW-CL.58
ETV6,ZBTB26
ETV6,ACY3
ETV6,LINC00051
ETV6,LKAAEAR1
ETV6,ERICH1-AS1
ETV6,ATF3
ETV6,EQTN
ETV6,EQTN
ETV6,LINC00317
ETV6,HLA-DOB
PICK1,ZNF396
PICK1,SNX19
PICK1,GOLGA3
PICK1,SLC9C2
PICK1,AREL1
PICK1,RASGRF1
PICK1,RAG1
PICK1,LOC285902 /// ZNF273 /// ZNF479 /// ZNF733P
PICK1,PTGS2
PICK1,RASGEF1B
PICK1,OK/SW-CL.36
PICK1,IQCF1
PICK1,MGC39545
PICK1,RBL1
PICK1,RBL1
PICK1,WDR66
PICK1,WDR66
PICK1,SYNJ2
PICK1,ZFYVE16
PICK1,ZNF398
PICK1,IL16
PICK1,OR2C3
PICK1,CDHR1
PICK1,ARHGAP20
PICK1,SCARF1
PICK1,RGS12
PICK1,ADAM22
PICK1,TMEM26
PICK1,LOC101927705 /// P4HA2
PICK1,BRD3
PICK1,RGS12
PICK1,RGS12
PICK1,CLRN1
PICK1,CLRN1
PICK1,IDH1
PICK1,EPB41L4A
PICK1,ABCC4
PICK1,LINC00612
PICK1,NAGA
PICK1,TRPV5
PICK1,LHFPL5
PICK1,KLHL40
PICK1,CENPI
PICK1,TSPEAR
PICK1,TSPEAR
PICK1,C10orf53
PICK1,SYT9
PICK1,SYT9
PICK1,AVL9
PICK1,CCNG2
PICK1,NDUFS4
PICK1,LPGAT1
PICK1,IKZF2
PICK1,GTPBP3
PICK1,USP32 /// USP6
PICK1,USP32 /// USP6
PICK1,WNK1
PICK1,TLL1
PICK1,MGC40069
PICK1,KCNH5
PICK1,ARHGAP25
PICK1,ZNF843
SPINK7,SPATA6L
SPINK7,NEK11
SPINK7,RPL13AP17
SPINK7,LOC101928751
SPINK7,STAT5B
SPINK7,STAT5B
SPINK7,TMEM182
SPINK7,PPM1F
SPINK7,VASH2
SPINK7,C6orf123
SPINK7,STPG2
SPINK7,PTGFR
SPINK7,CACNB2
SPINK7,MPP4
SPINK7,APLF
SPINK7,FGF7
SPINK7,FGF7
SPINK7,MIER1
SPINK7,CTDSPL2
SPINK7,UVSSA
SPINK7,SLC10A7
SPINK7,KLHL3
ANKS1A,CCDC181
ANKS1A,CCDC181
ANKS1A,PARD3B
ANKS1A,ATP6V0A2
ANKS1A,SLC11A1
ANKS1A,ENTPD3
ANKS1A,CD96
ANKS1A,GPR125
ANKS1A,ST6GAL2
ANKS1A,LINC01126
ANKS1A,PAXBP1
ANKS1A,MOCS1
ANKS1A,PER3
ANKS1A,PER3
ANKS1A,LOC101928787
ANKS1A,FAM9A
ANKS1A,FGD6
ANKS1A,FGD6
ANKS1A,OTUD7B
ANKS1A,BCL2L2
ANKS1A,LOC101929373 /// SLC9B1
ANKS1A,LOC101929373 /// SLC9B1
ANKS1A,ARL17A /// ARL17B
ANKS1A,CCSAP
ANKS1A,ATF2
ANKS1A,M1AP
ANKS1A,TDH
ANKS1A,FCHO2
ANKS1A,QKI
ANKS1A,MLLT6
LMO4,TMEM74
LMO4,ARHGAP8 /// PRR5-ARHGAP8
LMO4,KIF26B
LMO4,PGPEP1
LMO4,ZNF396
LMO4,NAMPT
LMO4,CALN1
LMO4,LIG3
LMO4,ST3GAL3
LMO4,STX19
LMO4,PBLD
LMO4,PRKAA1
LMO4,IGHV7-81 /// IGHV7-81
LMO4,LOC100132686
LMO4,ST3GAL3
LMO4,TERF2
LMO4,TERF2
LMO4,MTUS2-AS1
LMO4,TAT
LMO4,FHL5
LMO4,ZNF277
LMO4,ZNF277
LMO4,FBXO36
LMO4,LINC00421
LMO4,C21orf58
LMO4,C21orf58
LMO4,GOSR1
LMO4,RMND1
LMO4,RPRD1A
LMO4,SLC44A4
LMO4,RP11-498C9.17
LMO4,LOC100287210
LMO4,LOC439951
LMO4,DTWD1
LMO4,OR8B8
LMO4,CLEC7A
LMO4,CLEC7A
LMO4,HRH3
LMO4,LOC101060604 /// SLC7A5P1 /// SLC7A5P2
LMO4,UBE2W
LMO4,RGR
LMO4,AKR1E2
LMO4,LOC101927122
LMO4,LOC101927122
LMO4,CCDC148-AS1
LMO4,C1orf43
LMO4,C1orf43
LMO4,MANEA
LMO4,C1S
LMO4,KCNIP2
DEFB106B,C21orf88
DEFB106B,RHOJ
DEFB106B,RHOJ
DEFB106B,IQCF3
DEFB106B,PGC
DEFB106B,PTH2
DEFB106B,GNG12
DEFB106B,C8orf59
DEFB106B,C8orf59
DEFB106B,LOC554207
DEFB106B,RP1L1
DEFB106B,SCN1A
DEFB106B,RAPGEF6
DEFB106B,WNK3
DEFB106B,CPEB3
DEFB106B,OTOF
DEFB106B,TRPM3
DEFB106B,COL25A1
DEFB106B,PPIP5K1
DEFB106B,EVC2
DEFB106B,MYO3B
DEFB106B,ZAK
DEFB106B,MAGI1
DEFB106B,LINC00598
DEFB106B,ABCC13
DEFB106B,ASXL2
DEFB106B,GRID1
DEFB106B,GRID1
DEFB106B,ANO1
DEFB106B,WFS1
DEFB106B,TERT
DEFB106B,RSPH10B /// RSPH10B2
DEFB106B,GALNTL6
DEFB106B,EPT1
DEFB106B,KLHL6
DEFB106B,SLC4A5
DEFB106B,CKAP5
DEFB106B,ARMC8
DEFB106B,ARMC8
DEFB106B,PPARGC1B
DEFB106B,ALS2
DEFB106B,CDKL1
DEFB106B,FBF1
DEFB106B,SEC16B
DEFB106B,TRPV3
DEFB106B,STRIP2
DEFB106B,ERC1
DEFB106B,VWA3B
DEFB106B,ERVW-1
DEFB106B,MED12L
DEFB106B,DIP2A
DEFB106B,KCNH5
DEFB106B,FOXJ2
DEFB106B,ECE2
DEFB106B,TTF2
DEFB106B,CARD14
DEFB106B,CARD14
DEFB106B,PAK6
DEFB106B,MCF2
DEFB106B,WDR19
DEFB106B,MAK
DEFB106B,KCNH7
DEFB106B,POLK
DEFB106B,HIF3A
DEFB106B,STAB1
DEFB106B,STAB1
DEFB106B,ACOT11
DEFB106B,PP2672
DEFB106B,ABCB9
DEFB106B,PTK7
DEFB106B,ZNF26
DEFB106B,ADAM9
DEFB106B,GCLC
DEFB106B,TPH2
DEFB106B,SLC30A5
DEFB106B,ITGA9
DEFB106B,ITGA9
DEFB106B,ZNF317
DEFB106B,AQP10
DEFB106B,RAP1A
DEFB106B,RAP1A
DEFB106B,UNC5C
DEFB106B,UNC5C
DEFB106B,MEGF10
DEFB106B,KB-1568E2.1
DEFB106B,SLC38A4
DEFB106B,CDC20B
DEFB106B,PDXDC1
DEFB106A,TFAP2E
DEFB106A,ITGB2
DEFB106A,PPHLN1
DEFB106A,PPHLN1
DEFB106A,FOXP2
DEFB106A,LRP1
DEFB106A,ETS1
DEFB106A,SCML4
DEFB106A,DDX53
DEFB106A,ENTPD4
DEFB106A,PIGQ
DEFB106A,DNAJC11
DEFB106A,LINC00663
DEFB106A,C11orf58
DEFB106A,C11orf58
DEFB106A,NSAP11
DEFB106A,LOC285902 /// ZNF273 /// ZNF479
DEFB106A,LOC285902 /// ZNF273 /// ZNF479
DEFB106A,BAGE
DEFB106A,CAMTA1
DEFB106A,ABCB5
DEFB106A,BCL2L11
DEFB106A,TTL
DEFB106A,GRIK2
DEFB106A,OR4D2
DEFB106A,DBF4B
DEFB106A,FAM159A
DEFB106A,ADAMTS4
DEFB106A,POF1B
DEFB106A,POF1B
DEFB106A,LARP4
DEFB106A,B4GALNT1
DEFB106A,UBA1
DEFB106A,SNX25
DEFB106A,NOP9
DEFB106A,CARF
DEFB106A,BD495725
DEFB106A,C21orf67
DEFB106A,PIGK
DEFB106A,AKAP12
DEFB106A,CXorf67
DEFB106A,MYO1D
DEFB106A,DUSP16
DEFB106A,LOC645261
DEFB106A,SOHLH2
DEFB106A,CDH19
DEFB106A,DUOXA1
DEFB106A,UBE3C
DEFB106A,FGD3
DEFB106A,BAGE2 /// BAGE4
DEFB106A,BAGE2 /// BAGE3 /// BAGE5 /// KMT2C
DEFB106A,CCNL1
DEFB106A,FBXL21
DEFB106A,FBXL21
DEFB106A,ALOX15B
DEFB106A,TAS1R1
DEFB106A,ASAH1
DEFB106A,KLF7
DEFB106A,AP1S3
DEFB106A,SSH2
DEFB106A,SSH2
DEFB106A,OTUD5
DEFB106A,SYNCRIP
DEFB106A,TSTD2
DEFB106A,IL31RA
DEFB106A,SLC39A14
DEFB106A,SLC39A14
DEFB106A,AFF4
DEFB106A,AFF4
DEFB106A,EARS2
DEFB106A,GTF3C3
DEFB106A,UBA6
DEFB106A,CCDC172
DEFB106A,PPP1R12B
DEFB106A,CA8
DEFB106A,TRAPPC10
DEFB106A,GPR114
DEFB106A,AP5M1
DEFB106A,NAA16
DEFB106A,RALGPS1
DEFB106A,LITAF
DEFB106A,BRINP1
DEFB106A,SLC39A6
DEFB106A,TXNL4A
DEFB106A,PPP1R1C
DEFB106A,CHD6
DEFB106A,IFIH1
DEFB106A,MCOLN2
DMTF1,CELF1
DMTF1,NRP2
DMTF1,CLASP2
DMTF1,PPM1F
DMTF1,FMN2
DMTF1,SORBS2
DMTF1,TTLL3
DMTF1,TTLL3
DMTF1,IREB2
DMTF1,C17orf82
DMTF1,FBLIM1
DMTF1,FBLIM1
CXCR1,FAM153A /// FAM153B /// LOC100507387
CXCR1,PRR5L
CXCR1,ACTR3B
CXCR1,PDZD3
CXCR1,C19orf66
CXCR1,BEST3
CXCR1,CWC27
CXCR1,CYP4B1
CXCR1,IFNLR1
CXCR1,SLC2A4RG
CXCR1,RSRC1
CXCR1,NPSA
CXCR1,TMCC2
CXCR1,TYR
CXCR1,TYR
CXCR1,SLC25A41
CXCR1,ZNF215
CXCR1,PIAS2
CXCR1,PIAS2
CXCR1,FAM189B
CXCR1,FOXP2
CXCR1,GABRG3
CXCR1,PTCH1
CXCR1,DPY30 /// MEMO1
CXCR1,FYCO1
CXCR1,Sep-06
CXCR1,COL9A1
CXCR1,RNH1
CXCR1,QRFPR
CXCR1,BPIFB6
CXCR1,ANTXR2
CXCR1,FAM9B
CXCR1,SDS
CXCR1,TGFB3
CXCR1,AFAP1L1
CXCR1,CLCC1
CXCR1,CADM2
CXCR1,KLK2
CXCR1,POFUT2
CXCR1,NDUFA10
CXCR1,ZACN
CXCR1,SERPINB5
CXCR1,SLC22A7
CXCR1,BPIFA4P
CXCR1,BBS9
CXCR1,TNK2
CXCR1,USP25
CXCR1,USP25
CXCR1,UGGT2
CXCR1,UGGT2
CXCR1,ZCCHC7
CXCR1,CFI
CXCR1,TAPBP
CXCR1,LMOD3
BRCA1,GUSBP2
BRCA1,KCTD7 /// RABGEF1
BRCA1,IMMP2L
BRCA1,CA6
BRCA1,TTC40
BRCA1,KDELR1
BRCA1,PTPRM
BRCA1,LINC00824
BRCA1,TP63
BRCA1,FAM71B
BRCA1,FAM71B
BRCA1,PDZRN3
BRCA1,GATA1
BRCA1,PIF1
BRCA1,MBNL1
BRCA1,SCRN3
BRCA1,DUSP19
BRCA1,APOL4
BRCA1,ELAVL3
BRCA1,BAGE
BRCA1,BAGE
BRCA1,GDPD1
BRCA1,CAPRIN2
BRCA1,ZMAT3
BRCA1,AGK
BRCA1,MBD1
BRCA1,G6PC
BRCA1,ZAP70
BRCA1,SUGT1P1
BRCA1,AC010524.4
BRCA1,AC010524.4
BRCA1,SAE1
BRCA1,PTGIR
BRCA1,SSH1
BRCA1,SLAMF1
BRCA1,C21orf67
BRCA1,HAVCR2
BRCA1,HAVCR2
BRCA1,NARR /// RAB34
BRCA1,PIK3IP1
BRCA1,LILRA5
BRCA1,CD300LG
BRCA1,SAMSN1
BRCA1,RBM14
BRCA1,DAOA
BRCA1,LILRA5
BRCA1,GAFA2
BRCA1,Dbpht2
BRCA1,FOXP2
BRCA1,FOXP2
BRCA1,KLHL17
BRCA1,OR10A5
BRCA1,OR10A4
BRCA1,CD300LG
BRCA1,TREML1
BRCA1,OR8D1
BRCA1,DAOA
BRCA1,PTPRS
BRCA1,PARK2
BRCA1,ICA1L
BRCA1,KRTAP2-3 /// KRTAP2-4
BRCA1,BLID
BRCA1,GSX1
BRCA1,SMC1A
BRCA1,ST3GAL3
BRCA1,RTN4IP1
BRCA1,SMOX
BRCA1,OTUB2
BRCA1,H6PD
BRCA1,CLEC4C
AMFR,SLA2
AMFR,CD80
AMFR,KLRC4-KLRK1 /// KLRK1
AMFR,KCNIP3
AMFR,CLRN1
AMFR,KLK4
AMFR,ST3GAL3
AMFR,ST3GAL3
AMFR,CMTM3
AMFR,CMTM3
AMFR,TNAP
AMFR,OFCC1
AMFR,PNKD
AMFR,HRH3
AMFR,CXADR
AMFR,MAATS1
AMFR,SCAMPER
AMFR,TAGLN
AMFR,RGS5
AMFR,GAFA3
AMFR,MS4A4A
AMFR,CD209
AMFR,CFL1
AMFR,AP1S3
AMFR,AP1S3
AMFR,AP1S3
AMFR,BAP1
AMFR,AGTRAP
AMFR,KLK4
AMFR,CMTM1
AMFR,MRAP
AMFR,MRAP
AMFR,ERVH-6
AMFR,ERVH-6
AMFR,LYZ
AMFR,CD79B
AMFR,CD79B
AMFR,SF1
AMFR,GEMIN7
AMFR,STH
AMFR,ERVH-6
AMFR,ATN1
AMFR,CLEC7A
AMFR,C7orf34
AMFR,CDKN3
AMFR,CCL5
AMFR,RBM15
AMFR,RBM15
AMFR,RBM15
AMFR,MKL1
AMFR,TIMM10
AMFR,GNG4
AMFR,GNG2
AMFR,CDC25A
AMFR,BPIFC
AMFR,ZAR1
AMFR,ZAR1
AMFR,POSTN
AMFR,POSTN
AMFR,CD79A
AMFR,RHEB
AMFR,PQLC2
BCL6,PQLC2
BCL6,IRAK1
BCL6,XRN1
BCL6,LINC00520
BCL6,C11orf63
BCL6,TRIB3
BCL6,PHF23
BCL6,TMEM192 /// ZNF320
BCL6,CCDC116
BCL6,ZFP82
BCL6,ARL17A /// ARL17B /// LOC100294341
BCL6,ARPC5
BCL6,LOC400692
BCL6,FCRL5
BCL6,ZNF385B
BCL6,ZNF385B
BCL6,C11orf57
BCL6,MAP3K19
BCL6,MOG
BCL6,EXD2
BCL6,CRISPLD2
BCL6,ARHGDIB
BCL6,ARHGDIB
BCL6,RHOA
BCL6,L3MBTL2
BCL6,THSD4
BCL6,THSD4
BCL6,SAMD14
BCL6,MKS1
BCL6,AKT1S1
BCL6,FAM138A /// FAM138B /// FAM138C /// FAM138D /// FAM138E /// FAM138F
BCL6,PACS2
BCL6,PACS2
BCL6,BIRC5 /// EPR-1
BCL6,CCNL1
BCL6,ESYT2
BCL6,ESYT2
BCL6,LRRC41
S100A4,KLF6
S100A4,IRGQ
S100A4,UCHL1
S100A4,POLR2B
S100A4,POLR2B
S100A4,C3orf79
S100A4,MSANTD3
S100A4,CYTH2
S100A4,HNRNPM
S100A4,HNRNPM
S100A4,LOC284454 /// MIR23A /// MIR24-2
S100A4,RBM18
S100A4,SEPW1
S100A4,PSMB8-AS1
S100A4,PSMB8-AS1
S100A4,AKR1C1 /// AKR1C2 /// LOC101930400
S100A4,AKR1C1
S100A4,AKR1C1
S100A4,THUMPD3-AS1
S100A4,THUMPD3-AS1
S100A4,MICALL2
S100A4,PDHA1
S100A4,TOLLIP-AS1
S100A4,HEXDC
S100A4,GNG4
S100A4,LOC100507477
S100A4,LOC100507477
S100A4,RNF207
S100A4,TTC28-AS1
S100A4,GLIDR /// LOC728903
S100A4,GLIDR
S100A4,SRGAP1
CBFA2T2,SRGAP1
CBFA2T2,RPS24
CBFA2T2,ERVFRD-1
CBFA2T2,LZTS2
CBFA2T2,SPIN3
CBFA2T2,SPIN3
CBFA2T2,PSMD6
CBFA2T2,PDSS2
CBFA2T2,KB-431C1.4
CBFA2T2,CRTAP
CBFA2T2,LOC101928605 /// OR2A1-AS1 /// OR2A20P /// OR2A9P
CBFA2T2,PSMD5-AS1
CBFA2T2,BC038731 /// CTD-2284J15.1
CBFA2T2,MTSS1L
CBFA2T2,DNM2
CBFA2T2,ADAM15
CBFA2T2,ANKRD36C
CBFA2T2,DCTN5
CBFA2T2,ARMCX5
CBFA2T2,FRY
CBFA2T2,TCAIM
CBFA2T2,TCAIM
CBFA2T2,AGAP2-AS1
CBFA2T2,FAM120A
CBFA2T2,PTCD2
CBFA2T2,ST7-AS1
CBFA2T2,GON4L
CBFA2T2,EXD3
CBFA2T2,RPUSD3
CBFA2T2,CBX3
CBFA2T2,CASC10
CBFA2T2,CASC10
CBFA2T2,TSGA10
CBFA2T2,TSGA10
CBFA2T2,KIAA2013
CBFA2T2,HUNK
CBFA2T2,VIM
CBFA2T2,LOC101928001
NPM1,LOC101928001
NPM1,MIR205
NPM1,PGAM5
NPM1,FAM120A
NPM1,FAM120A
NPM1,FAM120A
NPM1,FAM120A
NPM1,CD55
NPM1,LOC101928717 /// SLC19A1
NPM1,LOC101928717 /// SLC19A1
NPM1,CRTAC1
NPM1,HINT1
NPM1,HINT1
NPM1,B3GNT7
NPM1,B3GNT7
NPM1,ARL17A /// ARL17B /// LOC100294341
NPM1,FBXO28
NPM1,FBXO28
NPM1,FBXO28
NPM1,MYL12A
NPM1,MYL12A
NPM1,MYL12A
NPM1,LOC100130417
NPM1,LOC100130417
NPM1,ASB16-AS1
NPM1,ZFYVE16
NPM1,C17orf64
NPM1,LINC00661
NPM1,DAAM1
NPM1,C22orf42
NPM1,C22orf42
NPM1,CACNA1D
NPM1,DIAPH3-AS1
NPM1,DIAPH3-AS1
NPM1,EIF4A2 /// MIR1248 /// SNORA4 /// SNORA63 /// SNORA81 /// SNORD2
NPM1,IGFBP5
NPM1,ATP5H
NPM1,BTBD7
NPM1,LOC284939 /// MAPK8IP2
NPM1,LOC101928817
NPM1,LOC101928817
NPM1,CSNK1A1
NPM1,CSNK1A1
NPM1,PEX13
KRAS,KLHDC7A
KRAS,MESP2
KRAS,MESP2
KRAS,NBEAL2
KRAS,GPR180
KRAS,GPR180
KRAS,EME2
KRAS,LINC00893
KRAS,NMNAT2
KRAS,SMTN
KRAS,LINC01138
KRAS,MTMR11
KRAS,ZNF207
KRAS,HHIP
KRAS,GPR173
KRAS,GPR173
KRAS,LINC01089
KRAS,TTN-AS1
KRAS,LINC00599 /// MIR124-1
KRAS,MAGEE1
KRAS,LOC100507564
KRAS,RTN4
KRAS,BICD1
KRAS,DNAJC7
KRAS,SIK2
KRAS,NEUROD1
KRAS,SPEN
KRAS,SPEN
KRAS,ZNF451
KRAS,RPP30
KRAS,RPP30
KRAS,RPP30
KRAS,LOC284926
KRAS,KDM6B
KRAS,KDM6B
KRAS,HIF3A
KRAS,LINC00528
KRAS,RP11-16P6.1
KRAS,RP11-16P6.1
KRAS,HNRNPM
KRAS,C4orf27
KRAS,RPAIN
KRAS,HEMK1
KRAS,UNC13C
KRAS,UNC13C
KRAS,HOMER2
KRAS,LINC00290
KRAS,LOC389906
KRAS,RP11-480A16.1
KRAS,DKFZp451A211 /// LOC101928841
KRAS,DKFZp451A211 /// LOC101928841
KRAS,TNPO1
KRAS,LINC01260
KRAS,NAP1L1
KRAS,RAB11B-AS1
KRAS,RAB11B-AS1
KRAS,DIP2A
KRAS,RASGRF2
KRAS,LOC642533
KRAS,FBF1
KRAS,TEX36-AS1
KRAS,B3GNT5
KRAS,MYLK4
KRAS,DHX30
KRAS,LOC100131170
KRAS,RP11-16N11.2
KRAS,RP11-16N11.2
KRAS,ARVCF
KRAS,ITFG1
KRAS,SNAI3-AS1
KRAS,GPR37L1
KRAS,ESRRB
KRAS,FAM154B
KRAS,AF086294 /// RP11-485M7.3
KRAS,IGSF3
KRAS,IGSF3
KRAS,LOC100505727
KRAS,LOC100505727
HIST3H3,MROH2A
HIST3H3,MROH2A
HIST3H3,MTSS1L
HIST3H3,TAF8
HIST3H3,TAF8
HIST3H3,LINC00847
HIST3H3,ANKRD65
HIST3H3,ANKRD65
HIST3H3,ANKRD36BP2
HIST3H3,CTB-167B5.2
HIST3H3,EMC1
HIST3H3,ZNF555
HIST3H3,ZNF555
HIST3H3,LOC100507516
HIST3H3,HSPA4L
HIST3H3,RP4-798A10.7
HIST3H3,RGS9BP
HIST3H3,C10orf90
HIST3H3,RNASET2
HIST3H3,SRGAP2
HIST3H3,SRGAP2
HIST3H3,ZNF814
HIST3H3,LINC00408
HIST3H3,LINC00408
HIST3H3,CLEC2B
HIST3H3,BTG3
HIST3H3,BC042372 /// RP11-45P15.4
HIST3H3,RP11-757F18.5
HIST3H3,RP11-757F18.5
HIST3H3,SEPT7P9
HIST3H3,LOC155060 /// ZNF783
HIST3H3,VCPIP1
HIST3H3,VCPIP1
HIST3H3,RP11-235E17.4
HIST3H3,URI1
HIST3H3,KIF6
HIST3H3,KIF6
HIST3H3,LOC101927468 /// LOC101929257 /// LOC102724558
HIST3H3,ZNF391
HIST3H3,AX748267
HIST3H3,LOC100310756
HIST3H3,LOC375196
HIST3H3,LOC100506271
HIST3H3,EIF1B-AS1
HIST3H3,EIF1B-AS1
HIST3H3,LOC400756
HIST3H3,AF086125 /// RP11-61A14.1
HIST3H3,LOC645513
HIST3H3,LOC101928818 /// PWRN1
HIST3H3,LOC101928818 /// PWRN1
HIST3H3,C20orf202
HIST3H3,C20orf202
HIST3H3,MYRFL
HIST3H3,MYT1
HIST3H3,LOC101928896
HIST3H3,LOC101928896
HIST3H3,RP11-480I12.10
HIST3H3,PAPD4
HIST3H3,FGFR1OP2
HIST3H3,FGFR1OP2
HIST3H3,PPA2
HIST3H3,PPA2
HIST3H3,SMIM21
HIST3H3,LOC100506016
HIST3H3,POM121L12
HIST3H3,POM121L12
HIST3H3,FXYD2
HIST3H3,C12orf76
HIST3H3,SIM1
HIST3H3,LOC100287015
HIST3H3,LINC00899
HIST3H3,AF520793
HIST3H3,PRRT3
HIST3H3,C1orf86
HIST3H3,C2orf71
HIST3H3,RP11-389C8.2
HIST3H3,LOC284889
HIST3H3,CAND1
HIST3H3,TRIM44
HIST3H3,STOML1
HIST3H3,MESDC1
HIST3H3,CELF2
HIST3H3,FILIP1
HIST3H3,PCDH10
HIST3H3,PCDH10
HIST3H3,BC042382 /// RP11-408H20.3
HIST3H3,BC042382 /// RP11-408H20.3
HIST3H3,LOC101928747 /// RBMX /// SNORD61
HIST3H3,MAPK12
HIST3H3,MAPK12
RUNX1,LOC150051
RUNX1,COTL1
RUNX1,HEATR1
RUNX1,EIF4A2
RUNX1,HCN1
RUNX1,RGL3
RUNX1,RGL3
RUNX1,ERICH1
RUNX1,ERICH1
RUNX1,C6orf89
RUNX1,ANKRD13C
RUNX1,LOC101927531
RUNX1,ADAMTS9-AS2
RUNX1,LY86-AS1
RUNX1,LY86-AS1
RUNX1,PHKG2
RUNX1,PHKG2
RUNX1,OLIG3
RUNX1,FAM185A
RUNX1,BC039357 /// RP11-661G16.2
RUNX1,LMO7
RUNX1,LOC101927424 /// LOC101929800 /// LOC440896
RUNX1,NAA15
RUNX1,NAA15
RUNX1,LOC100507389
RUNX1,LOC100507389
RUNX1,CNPY3
RUNX1,CTD-2373J6.1
RUNX1,AK054708 /// RP11-547D24.1
RUNX1,AK054708 /// RP11-547D24.1
RUNX1,ZNRF2P1
RUNX1,LOC374890
RUNX1,LINC00879
RUNX1,AF086184
RUNX1,KRTAP19-1
RUNX1,KY
RUNX1,LINC00515
RUNX1,YPEL2
RUNX1,LOC286189
RUNX1,AC007228.11 /// BX647249
RUNX1,VASH1
RUNX1,LOC284219
RUNX1,HEXA
RUNX1,LRRN4CL
RUNX1,TBC1D31
RUNX1,AX747652
RUNX1,LOC400622
RUNX1,EXTL3-AS1
RUNX1,LOC253805
RUNX1,AL832163
RUNX1,LOC100288310
RUNX1,RP11-90P13.1
RUNX1,LINC00606
RUNX1,LINC00606
RUNX1,LINC00928
RUNX1,LOC100506274
RUNX1,LOC100506274
RUNX1,LINC01138
RUNX1,LINC01138
RUNX1,ARHGAP22-IT1
RUNX1,ARHGAP22-IT1
RUNX1,C2orf72
RUNX1,RP11-310J24.3
RUNX1,LOC101929734
RUNX1,AX747261
RUNX1,AX747261
RUNX1,SCML4
RUNX1,SCML4
RUNX1,FLJ38379
RUNX1,FLJ38379
RUNX1,LOC283485
RUNX1,LOC283485
RUNX1,LRRC52
RUNX1,MAATS1
